[{"id":"687533389@s.whatsapp.net","xp":418165,"level":7},{"id":"14064125389@s.whatsapp.net","xp":48940,"level":4},{"id":"51926348004@s.whatsapp.net","xp":15648,"level":3},{"id":"593992390339@s.whatsapp.net","xp":62569,"level":4},{"id":"12604759773@s.whatsapp.net","xp":53013,"level":4},{"id":"5212481646017@s.whatsapp.net","xp":4535,"level":1},{"id":"12603760967@s.whatsapp.net","xp":114057,"level":5},{"id":"51922922922@s.whatsapp.net","xp":18651,"level":3},{"id":"50672327016@s.whatsapp.net","xp":21706,"level":3},{"id":"5493517861236@s.whatsapp.net","xp":55016,"level":4},{"id":"15042245867@s.whatsapp.net","xp":40807,"level":4},{"id":"5214131068264@s.whatsapp.net","xp":5031,"level":2},{"id":"59175926216@s.whatsapp.net","xp":34828,"level":3},{"id":"","xp":887436,"level":8},{"id":"3197010254095@s.whatsapp.net","xp":504,"level":1},{"id":"50242940576@s.whatsapp.net","xp":3529,"level":1},{"id":"12603763944@s.whatsapp.net","xp":688219,"level":8},{"id":"5491158051406@s.whatsapp.net","xp":16635,"level":3},{"id":"5219631768931@s.whatsapp.net","xp":331437,"level":7},{"id":"50671264974@s.whatsapp.net","xp":3023,"level":1},{"id":"50248464730@s.whatsapp.net","xp":19200,"level":3},{"id":"51950732365@s.whatsapp.net","xp":33819,"level":3},{"id":"18295176783@s.whatsapp.net","xp":104471,"level":5},{"id":"5219212830538@s.whatsapp.net","xp":54008,"level":4},{"id":"50495884611@s.whatsapp.net","xp":7566,"level":2},{"id":"595976867779@s.whatsapp.net","xp":43386,"level":4},{"id":"5742820819@s.whatsapp.net","xp":4038,"level":1},{"id":"5492974756149@s.whatsapp.net","xp":6052,"level":2},{"id":"5219631769130@s.whatsapp.net","xp":49467,"level":4},{"id":"16693000684@s.whatsapp.net","xp":19163,"level":3},{"id":"50373488366@s.whatsapp.net","xp":555486,"level":7},{"id":"56961379973@s.whatsapp.net","xp":1519,"level":1},{"id":"5217541122034@s.whatsapp.net","xp":308153,"level":6},{"id":"593978963202@s.whatsapp.net","xp":495880,"level":7},{"id":"5491167197688@s.whatsapp.net","xp":501,"level":1},{"id":"19546451295@s.whatsapp.net","xp":3019,"level":1},{"id":"18099758858@s.whatsapp.net","xp":77215,"level":5},{"id":"5218777926982@s.whatsapp.net","xp":30317,"level":3},{"id":"12537805156@s.whatsapp.net","xp":286097,"level":6},{"id":"595986460945@s.whatsapp.net","xp":5052,"level":2},{"id":"50662527048@s.whatsapp.net","xp":44394,"level":4},{"id":"50557197475@s.whatsapp.net","xp":7565,"level":2},{"id":"17862800010@s.whatsapp.net","xp":63597,"level":4},{"id":"12603386244@s.whatsapp.net","xp":20660,"level":3},{"id":"994408313940@s.whatsapp.net","xp":501,"level":1},{"id":"994409983028@s.whatsapp.net","xp":4028,"level":1},{"id":"447441410483@s.whatsapp.net","xp":1513,"level":1},{"id":"595975883053@s.whatsapp.net","xp":12611,"level":2},{"id":"50238088811@s.whatsapp.net","xp":34346,"level":3},{"id":"33666696799@s.whatsapp.net","xp":509,"level":1},{"id":"34610656594@s.whatsapp.net","xp":4044,"level":1},{"id":"18298797214@s.whatsapp.net","xp":3528,"level":1},{"id":"299277777@s.whatsapp.net","xp":43379,"level":4},{"id":"34640864972@s.whatsapp.net","xp":9076,"level":2},{"id":"50760362529@s.whatsapp.net","xp":24178,"level":3},{"id":"573104841527@s.whatsapp.net","xp":198812,"level":6},{"id":"12198003138@s.whatsapp.net","xp":733700,"level":8},{"id":"5491134603549@s.whatsapp.net","xp":245209,"level":6},{"id":"18294440226@s.whatsapp.net","xp":6044,"level":2},{"id":"5219995265201@s.whatsapp.net","xp":1011,"level":1},{"id":"5492975074198@s.whatsapp.net","xp":502,"level":1},{"id":"51993227321@s.whatsapp.net","xp":12607,"level":2},{"id":"5218441074320@s.whatsapp.net","xp":9092,"level":2},{"id":"51921334625@s.whatsapp.net","xp":6067,"level":2},{"id":"50583301711@s.whatsapp.net","xp":507,"level":1},{"id":"5493584386178@s.whatsapp.net","xp":22191,"level":3},{"id":"593989849572@s.whatsapp.net","xp":4540,"level":1},{"id":"5492645482818@s.whatsapp.net","xp":5560,"level":2},{"id":"51920862759@s.whatsapp.net","xp":8076,"level":2},{"id":"51930723157@s.whatsapp.net","xp":4034,"level":1},{"id":"51902856309@s.whatsapp.net","xp":502,"level":1},{"id":"51948716181@s.whatsapp.net","xp":14606,"level":2},{"id":"5216673535426@s.whatsapp.net","xp":25749,"level":3},{"id":"51929239574@s.whatsapp.net","xp":13642,"level":2},{"id":"18569429138@s.whatsapp.net","xp":10107,"level":2},{"id":"51927232251@s.whatsapp.net","xp":508,"level":1},{"id":"51959755371@s.whatsapp.net","xp":29734,"level":3},{"id":"50767974413@s.whatsapp.net","xp":38333,"level":4},{"id":"5493875884826@s.whatsapp.net","xp":509,"level":1},{"id":"51939001304@s.whatsapp.net","xp":7582,"level":2},{"id":"51960516867@s.whatsapp.net","xp":7583,"level":2},{"id":"59172945992@s.whatsapp.net","xp":48473,"level":4},{"id":"19562942731@s.whatsapp.net","xp":1007,"level":1},{"id":"51922817124@s.whatsapp.net","xp":502,"level":1},{"id":"18143490163@s.whatsapp.net","xp":501,"level":1},{"id":"34722247044@s.whatsapp.net","xp":16624,"level":3},{"id":"50242725900@s.whatsapp.net","xp":5042,"level":2},{"id":"51989820048@s.whatsapp.net","xp":3024,"level":1},{"id":"51915394844@s.whatsapp.net","xp":7051,"level":2},{"id":"59168522819@s.whatsapp.net","xp":6056,"level":2},{"id":"59177120700@s.whatsapp.net","xp":3024,"level":1},{"id":"18294410372@s.whatsapp.net","xp":3037,"level":1},{"id":"5493876641497@s.whatsapp.net","xp":1503,"level":1},{"id":"16303967746@s.whatsapp.net","xp":138780,"level":5},{"id":"5491160419137@s.whatsapp.net","xp":54487,"level":4},{"id":"17792492278@s.whatsapp.net","xp":917636,"level":8},{"id":"19153205150@s.whatsapp.net","xp":29778,"level":3},{"id":"16506442044@s.whatsapp.net","xp":17180,"level":3},{"id":"16514277327@s.whatsapp.net","xp":2018,"level":1},{"id":"573234596675@s.whatsapp.net","xp":21163,"level":3},{"id":"595976771085@s.whatsapp.net","xp":5542,"level":2},{"id":"5219511249975@s.whatsapp.net","xp":117088,"level":5},{"id":"573225664248@s.whatsapp.net","xp":37343,"level":4},{"id":"50259529764@s.whatsapp.net","xp":76729,"level":5},{"id":"14064201808@s.whatsapp.net","xp":1010,"level":1},{"id":"50687594165@s.whatsapp.net","xp":4536,"level":1},{"id":"6283152070438@s.whatsapp.net","xp":501,"level":1},{"id":"56920133896@s.whatsapp.net","xp":3525,"level":1},{"id":"5492245601977@s.whatsapp.net","xp":4550,"level":1},{"id":"5212382382666@s.whatsapp.net","xp":91285,"level":5},{"id":"5212282570169@s.whatsapp.net","xp":200279,"level":6},{"id":"6282116202324@s.whatsapp.net","xp":13125,"level":2},{"id":"593960175832@s.whatsapp.net","xp":1002,"level":1},{"id":"5492644579185@s.whatsapp.net","xp":508,"level":1},{"id":"16728001212@s.whatsapp.net","xp":96412,"level":5},{"id":"5492244507972@s.whatsapp.net","xp":6552,"level":2},{"id":"5219712635900@s.whatsapp.net","xp":207918,"level":6},{"id":"51916220012@s.whatsapp.net","xp":82722,"level":5},{"id":"51939886829@s.whatsapp.net","xp":11076,"level":2},{"id":"5492984669153@s.whatsapp.net","xp":2524,"level":1},{"id":"5493865217353@s.whatsapp.net","xp":1513,"level":1},{"id":"18494581692@s.whatsapp.net","xp":76667,"level":5},{"id":"5212791139840@s.whatsapp.net","xp":46439,"level":4},{"id":"5217821130902@s.whatsapp.net","xp":3031,"level":1},{"id":"573134104143@s.whatsapp.net","xp":3022,"level":1},{"id":"51970653471@s.whatsapp.net","xp":254305,"level":6},{"id":"50769841825@s.whatsapp.net","xp":5038,"level":2},{"id":"5217841443816@s.whatsapp.net","xp":8584,"level":2},{"id":"595982614969@s.whatsapp.net","xp":2020,"level":1},{"id":"5212284146882@s.whatsapp.net","xp":6574,"level":2},{"id":"56944116911@s.whatsapp.net","xp":7555,"level":2},{"id":"14065185824@s.whatsapp.net","xp":227463,"level":6},{"id":"17547037474@s.whatsapp.net","xp":60542,"level":4},{"id":"994402895334@s.whatsapp.net","xp":56035,"level":4},{"id":"12364790024@s.whatsapp.net","xp":2022,"level":1},{"id":"51902178100@s.whatsapp.net","xp":386845,"level":7},{"id":"12366075647@s.whatsapp.net","xp":4032,"level":1},{"id":"48699551931@s.whatsapp.net","xp":28216,"level":3},{"id":"50360112486@s.whatsapp.net","xp":1007,"level":1},{"id":"50378068579@s.whatsapp.net","xp":41851,"level":4},{"id":"5355165780@s.whatsapp.net","xp":4032,"level":1},{"id":"12367020753@s.whatsapp.net","xp":48919,"level":4},{"id":"5212281738810@s.whatsapp.net","xp":70572,"level":4},{"id":"50248148958@s.whatsapp.net","xp":11099,"level":2},{"id":"5215536968165@s.whatsapp.net","xp":3029,"level":1},{"id":"5491165364965@s.whatsapp.net","xp":9093,"level":2},{"id":"5216625371893@s.whatsapp.net","xp":509,"level":1},{"id":"994402064829@s.whatsapp.net","xp":172018,"level":6},{"id":"14844097190@s.whatsapp.net","xp":41394,"level":4},{"id":"51974482570@s.whatsapp.net","xp":507,"level":1},{"id":"5216623952920@s.whatsapp.net","xp":79731,"level":5},{"id":"14845490307@s.whatsapp.net","xp":15616,"level":3},{"id":"595972296600@s.whatsapp.net","xp":2023,"level":1},{"id":"5355718147@s.whatsapp.net","xp":6556,"level":2},{"id":"51900159703@s.whatsapp.net","xp":5548,"level":2},{"id":"5215625909392@s.whatsapp.net","xp":1011,"level":1},{"id":"5493878639595@s.whatsapp.net","xp":504,"level":1},{"id":"51910630201@s.whatsapp.net","xp":2018,"level":1},{"id":"595971536917@s.whatsapp.net","xp":6042,"level":2},{"id":"573125484672@s.whatsapp.net","xp":11605,"level":2},{"id":"18299796198@s.whatsapp.net","xp":15139,"level":3},{"id":"595972972026@s.whatsapp.net","xp":40414,"level":4},{"id":"12602326317@s.whatsapp.net","xp":21685,"level":3},{"id":"573044458211@s.whatsapp.net","xp":12604,"level":2},{"id":"51951539716@s.whatsapp.net","xp":505,"level":1},{"id":"12232066906@s.whatsapp.net","xp":12096,"level":2},{"id":"5218444523624@s.whatsapp.net","xp":1514,"level":1},{"id":"593979082896@s.whatsapp.net","xp":3036,"level":1},{"id":"5219632525072@s.whatsapp.net","xp":4537,"level":1},{"id":"595983694697@s.whatsapp.net","xp":3523,"level":1},{"id":"584243765423@s.whatsapp.net","xp":15118,"level":3},{"id":"12602746309@s.whatsapp.net","xp":128618,"level":5},{"id":"5213861083778@s.whatsapp.net","xp":1511,"level":1},{"id":"15064970130@s.whatsapp.net","xp":11614,"level":2},{"id":"5491157069413@s.whatsapp.net","xp":1014,"level":1},{"id":"5493816693249@s.whatsapp.net","xp":6561,"level":2},{"id":"595991758114@s.whatsapp.net","xp":6062,"level":2},{"id":"573136522620@s.whatsapp.net","xp":2532,"level":1},{"id":"51931973012@s.whatsapp.net","xp":3034,"level":1},{"id":"14063445171@s.whatsapp.net","xp":79229,"level":5},{"id":"994408398353@s.whatsapp.net","xp":508,"level":1},{"id":"13065172123@s.whatsapp.net","xp":5040,"level":2},{"id":"51970200609@s.whatsapp.net","xp":3529,"level":1},{"id":"5215511092590@s.whatsapp.net","xp":1504,"level":1},{"id":"51984341719@s.whatsapp.net","xp":25719,"level":3},{"id":"51997418340@s.whatsapp.net","xp":2033,"level":1},{"id":"51901840092@s.whatsapp.net","xp":115075,"level":5},{"id":"447441459514@s.whatsapp.net","xp":4049,"level":1},{"id":"573043716574@s.whatsapp.net","xp":42891,"level":4},{"id":"5216647655424@s.whatsapp.net","xp":76672,"level":5},{"id":"51934232268@s.whatsapp.net","xp":8575,"level":2},{"id":"15614375618@s.whatsapp.net","xp":10095,"level":2},{"id":"51972797064@s.whatsapp.net","xp":1009,"level":1},{"id":"595991552463@s.whatsapp.net","xp":22162,"level":3},{"id":"994405556793@s.whatsapp.net","xp":24688,"level":3},{"id":"50766866666@s.whatsapp.net","xp":67589,"level":4},{"id":"595991399158@s.whatsapp.net","xp":2519,"level":1},{"id":"19566474891@s.whatsapp.net","xp":1009,"level":1},{"id":"50497685630@s.whatsapp.net","xp":9090,"level":2},{"id":"50766947418@s.whatsapp.net","xp":8565,"level":2},{"id":"5213329206208@s.whatsapp.net","xp":505,"level":1},{"id":"393249953012@s.whatsapp.net","xp":3045,"level":1},{"id":"593960178180@s.whatsapp.net","xp":75156,"level":5},{"id":"50232870521@s.whatsapp.net","xp":1520,"level":1},{"id":"50763232050@s.whatsapp.net","xp":22186,"level":3},{"id":"6283809989635@s.whatsapp.net","xp":501,"level":1},{"id":"5219221552088@s.whatsapp.net","xp":24200,"level":3},{"id":"51931282341@s.whatsapp.net","xp":505,"level":1},{"id":"573142753447@s.whatsapp.net","xp":3536,"level":1},{"id":"59162648016@s.whatsapp.net","xp":501,"level":1},{"id":"13305361333@s.whatsapp.net","xp":13121,"level":2},{"id":"5214447000377@s.whatsapp.net","xp":55018,"level":4},{"id":"16305965396@s.whatsapp.net","xp":505,"level":1},{"id":"50760071106@s.whatsapp.net","xp":16655,"level":3},{"id":"15013308103@s.whatsapp.net","xp":3029,"level":1},{"id":"553897397197@s.whatsapp.net","xp":139753,"level":5},{"id":"5492920623338@s.whatsapp.net","xp":11608,"level":2},{"id":"18294306150@s.whatsapp.net","xp":30276,"level":3},{"id":"56982880524@s.whatsapp.net","xp":4038,"level":1},{"id":"56936543575@s.whatsapp.net","xp":7569,"level":2},{"id":"51940617554@s.whatsapp.net","xp":501,"level":1},{"id":"5214771328252@s.whatsapp.net","xp":29734,"level":3},{"id":"5492215638816@s.whatsapp.net","xp":13106,"level":2},{"id":"5491132785870@s.whatsapp.net","xp":13090,"level":2},{"id":"18053070576@s.whatsapp.net","xp":24211,"level":3},{"id":"51964912046@s.whatsapp.net","xp":501,"level":1},{"id":"994405851576@s.whatsapp.net","xp":35800,"level":4},{"id":"51941619892@s.whatsapp.net","xp":9585,"level":2},{"id":"51937747757@s.whatsapp.net","xp":2021,"level":1},{"id":"51988764995@s.whatsapp.net","xp":2010,"level":1},{"id":"593967129318@s.whatsapp.net","xp":1012,"level":1},{"id":"994405427361@s.whatsapp.net","xp":11087,"level":2},{"id":"16725725041@s.whatsapp.net","xp":6071,"level":2},{"id":"13069009513@s.whatsapp.net","xp":48876,"level":4},{"id":"50488292289@s.whatsapp.net","xp":6547,"level":2},{"id":"5215620692196@s.whatsapp.net","xp":10607,"level":2},{"id":"51900721517@s.whatsapp.net","xp":3033,"level":1},{"id":"5493815555833@s.whatsapp.net","xp":501,"level":1},{"id":"573222733848@s.whatsapp.net","xp":15630,"level":3},{"id":"5217443268477@s.whatsapp.net","xp":2526,"level":1},{"id":"593969230480@s.whatsapp.net","xp":31279,"level":3},{"id":"56930535816@s.whatsapp.net","xp":177077,"level":6},{"id":"51952918961@s.whatsapp.net","xp":27265,"level":3},{"id":"5491133099333@s.whatsapp.net","xp":6565,"level":2},{"id":"16728001130@s.whatsapp.net","xp":75694,"level":5},{"id":"573193388725@s.whatsapp.net","xp":322917,"level":7},{"id":"16728000210@s.whatsapp.net","xp":7565,"level":2},{"id":"5216682583798@s.whatsapp.net","xp":509,"level":1},{"id":"5358831587@s.whatsapp.net","xp":10080,"level":2},{"id":"51938313581@s.whatsapp.net","xp":4037,"level":1},{"id":"16728002250@s.whatsapp.net","xp":8083,"level":2},{"id":"5493624010022@s.whatsapp.net","xp":6052,"level":2},{"id":"5212971042991@s.whatsapp.net","xp":4044,"level":1},{"id":"573136808920@s.whatsapp.net","xp":501,"level":1},{"id":"12368000227@s.whatsapp.net","xp":95838,"level":5},{"id":"50251592285@s.whatsapp.net","xp":4560,"level":1},{"id":"5219531127589@s.whatsapp.net","xp":46438,"level":4},{"id":"5493814769423@s.whatsapp.net","xp":19692,"level":3},{"id":"5492665016382@s.whatsapp.net","xp":3022,"level":1},{"id":"50671780874@s.whatsapp.net","xp":15629,"level":3},{"id":"18295926400@s.whatsapp.net","xp":1014,"level":1},{"id":"5213122195330@s.whatsapp.net","xp":1017,"level":1},{"id":"50585386765@s.whatsapp.net","xp":4034,"level":1},{"id":"51922067660@s.whatsapp.net","xp":4032,"level":1},{"id":"919689643070@s.whatsapp.net","xp":4552,"level":1},{"id":"50377894060@s.whatsapp.net","xp":501,"level":1},{"id":"50662776968@s.whatsapp.net","xp":37905,"level":4},{"id":"50688885437@s.whatsapp.net","xp":5562,"level":2},{"id":"5212296098893@s.whatsapp.net","xp":18668,"level":3},{"id":"50661426072@s.whatsapp.net","xp":2017,"level":1},{"id":"5492266524656@s.whatsapp.net","xp":2518,"level":1},{"id":"5491158638897@s.whatsapp.net","xp":6042,"level":2},{"id":"18092065812@s.whatsapp.net","xp":9092,"level":2},{"id":"524151132464@s.whatsapp.net","xp":7577,"level":2},{"id":"48459081258@s.whatsapp.net","xp":35350,"level":4},{"id":"5213338071942@s.whatsapp.net","xp":2523,"level":1},{"id":"5219971386885@s.whatsapp.net","xp":501,"level":1},{"id":"5522988583326@s.whatsapp.net","xp":10600,"level":2},{"id":"994405686438@s.whatsapp.net","xp":38364,"level":4},{"id":"595981155163@s.whatsapp.net","xp":2522,"level":1},{"id":"595972170559@s.whatsapp.net","xp":24228,"level":3},{"id":"12393170517@s.whatsapp.net","xp":95316,"level":5},{"id":"51931366029@s.whatsapp.net","xp":12114,"level":2},{"id":"595982694592@s.whatsapp.net","xp":17653,"level":3},{"id":"595961519775@s.whatsapp.net","xp":6562,"level":2},{"id":"595983788673@s.whatsapp.net","xp":18140,"level":3},{"id":"595984189331@s.whatsapp.net","xp":14646,"level":2},{"id":"13854251703@s.whatsapp.net","xp":1009,"level":1},{"id":"5214211063758@s.whatsapp.net","xp":19700,"level":3},{"id":"18138999999@s.whatsapp.net","xp":6036,"level":2},{"id":"56934026768@s.whatsapp.net","xp":2513,"level":1},{"id":"51981479683@s.whatsapp.net","xp":79730,"level":5},{"id":"573196310178@s.whatsapp.net","xp":10109,"level":2},{"id":"18296702035@s.whatsapp.net","xp":9602,"level":2},{"id":"447441439316@s.whatsapp.net","xp":2024,"level":1},{"id":"18092668324@s.whatsapp.net","xp":2027,"level":1},{"id":"51932882309@s.whatsapp.net","xp":4548,"level":1},{"id":"34640540377@s.whatsapp.net","xp":2512,"level":1},{"id":"50232592674@s.whatsapp.net","xp":5543,"level":2},{"id":"593997879879@s.whatsapp.net","xp":25240,"level":3},{"id":"56996866284@s.whatsapp.net","xp":15640,"level":3},{"id":"593990412975@s.whatsapp.net","xp":508,"level":1},{"id":"51931379328@s.whatsapp.net","xp":4022,"level":1},{"id":"593989503165@s.whatsapp.net","xp":8059,"level":2},{"id":"593959259172@s.whatsapp.net","xp":4546,"level":1},{"id":"5493804268850@s.whatsapp.net","xp":510,"level":1},{"id":"51946772137@s.whatsapp.net","xp":504,"level":1},{"id":"994407977291@s.whatsapp.net","xp":23714,"level":3},{"id":"5491132671232@s.whatsapp.net","xp":43368,"level":4},{"id":"5217444539069@s.whatsapp.net","xp":506,"level":1},{"id":"447451234050@s.whatsapp.net","xp":1007,"level":1},{"id":"5219341296325@s.whatsapp.net","xp":3030,"level":1},{"id":"595992780933@s.whatsapp.net","xp":1011,"level":1},{"id":"595975572334@s.whatsapp.net","xp":506,"level":1},{"id":"51970696038@s.whatsapp.net","xp":502,"level":1},{"id":"5492657610191@s.whatsapp.net","xp":13137,"level":2},{"id":"595992878320@s.whatsapp.net","xp":5554,"level":2},{"id":"5492804842349@s.whatsapp.net","xp":501,"level":1},{"id":"595975186928@s.whatsapp.net","xp":6054,"level":2},{"id":"5493751341059@s.whatsapp.net","xp":2532,"level":1},{"id":"595971829111@s.whatsapp.net","xp":507,"level":1},{"id":"34603152020@s.whatsapp.net","xp":506,"level":1},{"id":"5493813909005@s.whatsapp.net","xp":2526,"level":1},{"id":"51925875773@s.whatsapp.net","xp":14115,"level":2},{"id":"17789000394@s.whatsapp.net","xp":19675,"level":3},{"id":"5216568796986@s.whatsapp.net","xp":501,"level":1},{"id":"50683236604@s.whatsapp.net","xp":27753,"level":3},{"id":"12363589201@s.whatsapp.net","xp":10582,"level":2},{"id":"50375146074@s.whatsapp.net","xp":3040,"level":1},{"id":"573222845082@s.whatsapp.net","xp":509,"level":1},{"id":"13616669460@s.whatsapp.net","xp":1008,"level":1},{"id":"5216863568908@s.whatsapp.net","xp":38301,"level":4},{"id":"5493546455763@s.whatsapp.net","xp":1522,"level":1},{"id":"50765307422@s.whatsapp.net","xp":1006,"level":1},{"id":"923152335755@s.whatsapp.net","xp":1013,"level":1},{"id":"593962710407@s.whatsapp.net","xp":1511,"level":1},{"id":"5213222664345@s.whatsapp.net","xp":3030,"level":1},{"id":"5218994864966@s.whatsapp.net","xp":3036,"level":1},{"id":"5212292451578@s.whatsapp.net","xp":2013,"level":1},{"id":"573145469308@s.whatsapp.net","xp":19193,"level":3},{"id":"5219841141380@s.whatsapp.net","xp":3521,"level":1},{"id":"51962568091@s.whatsapp.net","xp":3537,"level":1},{"id":"34642458142@s.whatsapp.net","xp":503,"level":1},{"id":"5215514618725@s.whatsapp.net","xp":4540,"level":1},{"id":"5216671761990@s.whatsapp.net","xp":1010,"level":1},{"id":"18498809109@s.whatsapp.net","xp":503,"level":1},{"id":"595982495735@s.whatsapp.net","xp":1513,"level":1},{"id":"5493413788299@s.whatsapp.net","xp":21175,"level":3},{"id":"5491158509345@s.whatsapp.net","xp":4524,"level":1},{"id":"51934366031@s.whatsapp.net","xp":21676,"level":3},{"id":"5493416945739@s.whatsapp.net","xp":7062,"level":2},{"id":"51937114160@s.whatsapp.net","xp":8063,"level":2},{"id":"5216631240273@s.whatsapp.net","xp":17171,"level":3},{"id":"917907466806@s.whatsapp.net","xp":39877,"level":4},{"id":"17722175990@s.whatsapp.net","xp":8604,"level":2},{"id":"5216682062600@s.whatsapp.net","xp":5021,"level":2},{"id":"56953526324@s.whatsapp.net","xp":11599,"level":2},{"id":"50240491975@s.whatsapp.net","xp":1016,"level":1},{"id":"59177468442@s.whatsapp.net","xp":7068,"level":2},{"id":"5493412691513@s.whatsapp.net","xp":509,"level":1},{"id":"50765347021@s.whatsapp.net","xp":7564,"level":2},{"id":"5213327904194@s.whatsapp.net","xp":506,"level":1},{"id":"51933230856@s.whatsapp.net","xp":39393,"level":4},{"id":"50433470910@s.whatsapp.net","xp":1008,"level":1},{"id":"447520629736@s.whatsapp.net","xp":504,"level":1},{"id":"19399999999@s.whatsapp.net","xp":64631,"level":4},{"id":"5493412584049@s.whatsapp.net","xp":2012,"level":1},{"id":"18296406392@s.whatsapp.net","xp":1517,"level":1},{"id":"5214771455724@s.whatsapp.net","xp":28234,"level":3},{"id":"5212381779878@s.whatsapp.net","xp":17669,"level":3},{"id":"5492645135087@s.whatsapp.net","xp":3532,"level":1},{"id":"5492914144653@s.whatsapp.net","xp":14647,"level":2},{"id":"5491131878345@s.whatsapp.net","xp":3032,"level":1},{"id":"5215611870449@s.whatsapp.net","xp":167937,"level":6},{"id":"5492634535295@s.whatsapp.net","xp":2013,"level":1},{"id":"51928081370@s.whatsapp.net","xp":3033,"level":1},{"id":"593990491703@s.whatsapp.net","xp":16154,"level":3},{"id":"5492352440579@s.whatsapp.net","xp":3533,"level":1},{"id":"573017131443@s.whatsapp.net","xp":1006,"level":1},{"id":"13214142111@s.whatsapp.net","xp":50499,"level":4},{"id":"12368043028@s.whatsapp.net","xp":11113,"level":2},{"id":"18098939284@s.whatsapp.net","xp":10064,"level":2},{"id":"50683698960@s.whatsapp.net","xp":509,"level":1},{"id":"5217295290087@s.whatsapp.net","xp":4041,"level":1},{"id":"19283746109@s.whatsapp.net","xp":1515,"level":1},{"id":"17123163813@s.whatsapp.net","xp":10081,"level":2},{"id":"5492216132799@s.whatsapp.net","xp":1013,"level":1},{"id":"5213314591450@s.whatsapp.net","xp":11103,"level":2},{"id":"34604358080@s.whatsapp.net","xp":503,"level":1},{"id":"5214444449934@s.whatsapp.net","xp":3015,"level":1},{"id":"5493865227956@s.whatsapp.net","xp":3033,"level":1},{"id":"573225830644@s.whatsapp.net","xp":4530,"level":1},{"id":"573178610830@s.whatsapp.net","xp":11083,"level":2},{"id":"51977584009@s.whatsapp.net","xp":16124,"level":3},{"id":"595983698564@s.whatsapp.net","xp":501,"level":1},{"id":"5212295306547@s.whatsapp.net","xp":63060,"level":4},{"id":"5491166651665@s.whatsapp.net","xp":2524,"level":1},{"id":"59898856608@s.whatsapp.net","xp":32819,"level":3},{"id":"34632414026@s.whatsapp.net","xp":7058,"level":2},{"id":"5218721391999@s.whatsapp.net","xp":7568,"level":2},{"id":"56965469230@s.whatsapp.net","xp":2015,"level":1},{"id":"5218721248791@s.whatsapp.net","xp":1010,"level":1},{"id":"5493858518609@s.whatsapp.net","xp":504,"level":1},{"id":"51956789341@s.whatsapp.net","xp":3543,"level":1},{"id":"573233516806@s.whatsapp.net","xp":2032,"level":1},{"id":"59895176749@s.whatsapp.net","xp":41869,"level":4},{"id":"994402279160@s.whatsapp.net","xp":12608,"level":2},{"id":"12362000483@s.whatsapp.net","xp":9081,"level":2},{"id":"5218781539421@s.whatsapp.net","xp":5540,"level":2},{"id":"40734391692@s.whatsapp.net","xp":4551,"level":1},{"id":"51901920610@s.whatsapp.net","xp":21689,"level":3},{"id":"59176348415@s.whatsapp.net","xp":2018,"level":1},{"id":"593986880526@s.whatsapp.net","xp":3532,"level":1},{"id":"51949334132@s.whatsapp.net","xp":503,"level":1},{"id":"13083182110@s.whatsapp.net","xp":3037,"level":1},{"id":"584244081266@s.whatsapp.net","xp":25754,"level":3},{"id":"573175565300@s.whatsapp.net","xp":18670,"level":3},{"id":"51972476324@s.whatsapp.net","xp":1514,"level":1},{"id":"994408154111@s.whatsapp.net","xp":7585,"level":2},{"id":"595993578777@s.whatsapp.net","xp":1019,"level":1},{"id":"972525071634@s.whatsapp.net","xp":3528,"level":1},{"id":"595976185984@s.whatsapp.net","xp":506,"level":1},{"id":"51901920624@s.whatsapp.net","xp":1012,"level":1},{"id":"573103382939@s.whatsapp.net","xp":506,"level":1},{"id":"5491127183158@s.whatsapp.net","xp":502,"level":1},{"id":"51902035530@s.whatsapp.net","xp":5039,"level":2},{"id":"5491133257836@s.whatsapp.net","xp":28803,"level":3},{"id":"19568872080@s.whatsapp.net","xp":2532,"level":1},{"id":"59169647975@s.whatsapp.net","xp":508,"level":1},{"id":"12602540819@s.whatsapp.net","xp":4542,"level":1},{"id":"573117522372@s.whatsapp.net","xp":48440,"level":4},{"id":"5491121683341@s.whatsapp.net","xp":1513,"level":1},{"id":"5215527716438@s.whatsapp.net","xp":1017,"level":1},{"id":"51986272493@s.whatsapp.net","xp":1510,"level":1},{"id":"5491155615045@s.whatsapp.net","xp":503,"level":1},{"id":"14052512032@s.whatsapp.net","xp":1515,"level":1},{"id":"5212284042378@s.whatsapp.net","xp":6568,"level":2},{"id":"3545393158@s.whatsapp.net","xp":1009,"level":1},{"id":"559691741964@s.whatsapp.net","xp":3030,"level":1},{"id":"50255162627@s.whatsapp.net","xp":6055,"level":2},{"id":"5219531510696@s.whatsapp.net","xp":1006,"level":1},{"id":"5491127709467@s.whatsapp.net","xp":4041,"level":1},{"id":"573102338775@s.whatsapp.net","xp":501,"level":1},{"id":"595972880631@s.whatsapp.net","xp":6554,"level":2},{"id":"50769513130@s.whatsapp.net","xp":1018,"level":1},{"id":"13088808444@s.whatsapp.net","xp":1513,"level":1},{"id":"5493704359210@s.whatsapp.net","xp":6561,"level":2},{"id":"595992998051@s.whatsapp.net","xp":1013,"level":1},{"id":"51927953894@s.whatsapp.net","xp":4032,"level":1},{"id":"5493625201075@s.whatsapp.net","xp":4039,"level":1},{"id":"5493412629870@s.whatsapp.net","xp":1009,"level":1},{"id":"50498798682@s.whatsapp.net","xp":65579,"level":4},{"id":"5492945582903@s.whatsapp.net","xp":508,"level":1},{"id":"5493888665693@s.whatsapp.net","xp":504,"level":1},{"id":"51926196491@s.whatsapp.net","xp":2531,"level":1},{"id":"51932943161@s.whatsapp.net","xp":7055,"level":2},{"id":"17818162004@s.whatsapp.net","xp":11106,"level":2},{"id":"5493417194929@s.whatsapp.net","xp":14128,"level":2},{"id":"5493462537742@s.whatsapp.net","xp":14128,"level":2},{"id":"27682055521@s.whatsapp.net","xp":1519,"level":1},{"id":"51912620841@s.whatsapp.net","xp":12588,"level":2},{"id":"19085378311@s.whatsapp.net","xp":2016,"level":1},{"id":"18143284699@s.whatsapp.net","xp":8069,"level":2},{"id":"12244253896@s.whatsapp.net","xp":503,"level":1},{"id":"5216672475677@s.whatsapp.net","xp":501,"level":1},{"id":"5493516528487@s.whatsapp.net","xp":5050,"level":2},{"id":"5218992081261@s.whatsapp.net","xp":16638,"level":3},{"id":"51946273596@s.whatsapp.net","xp":5566,"level":2},{"id":"5356810470@s.whatsapp.net","xp":502,"level":1},{"id":"51939880748@s.whatsapp.net","xp":1015,"level":1},{"id":"51983251406@s.whatsapp.net","xp":507,"level":1},{"id":"51930174424@s.whatsapp.net","xp":5559,"level":2},{"id":"5511942254785@s.whatsapp.net","xp":4038,"level":1},{"id":"573126688570@s.whatsapp.net","xp":1013,"level":1},{"id":"595985587328@s.whatsapp.net","xp":3538,"level":1},{"id":"50378190585@s.whatsapp.net","xp":31783,"level":3},{"id":"584169960193@s.whatsapp.net","xp":1004,"level":1},{"id":"5215564369091@s.whatsapp.net","xp":1017,"level":1},{"id":"5493875222830@s.whatsapp.net","xp":506,"level":1},{"id":"5213327829014@s.whatsapp.net","xp":57499,"level":4},{"id":"5212288563407@s.whatsapp.net","xp":508,"level":1},{"id":"48729753182@s.whatsapp.net","xp":3541,"level":1},{"id":"595972812326@s.whatsapp.net","xp":1012,"level":1},{"id":"595984870831@s.whatsapp.net","xp":510,"level":1},{"id":"51920131724@s.whatsapp.net","xp":2027,"level":1},{"id":"50557914155@s.whatsapp.net","xp":1514,"level":1},{"id":"14089154016@s.whatsapp.net","xp":3542,"level":1},{"id":"5218311210285@s.whatsapp.net","xp":501,"level":1},{"id":"79918342949@s.whatsapp.net","xp":4043,"level":1},{"id":"584123584955@s.whatsapp.net","xp":50920,"level":4},{"id":"12289004843@s.whatsapp.net","xp":228490,"level":6},{"id":"50762257666@s.whatsapp.net","xp":12622,"level":2},{"id":"593994912971@s.whatsapp.net","xp":2017,"level":1},{"id":"17862709050@s.whatsapp.net","xp":2029,"level":1},{"id":"12363001116@s.whatsapp.net","xp":32839,"level":3},{"id":"6282298732737@s.whatsapp.net","xp":502,"level":1},{"id":"15615937431@s.whatsapp.net","xp":18684,"level":3},{"id":"5212211224394@s.whatsapp.net","xp":507,"level":1},{"id":"50361643597@s.whatsapp.net","xp":11614,"level":2},{"id":"573158032430@s.whatsapp.net","xp":4556,"level":1},{"id":"5493444418297@s.whatsapp.net","xp":1009,"level":1},{"id":"5216623872052@s.whatsapp.net","xp":122026,"level":5},{"id":"212626810198@s.whatsapp.net","xp":7072,"level":2},{"id":"17817973643@s.whatsapp.net","xp":18662,"level":3},{"id":"33749258491@s.whatsapp.net","xp":17157,"level":3},{"id":"50363062717@s.whatsapp.net","xp":503,"level":1},{"id":"51994237004@s.whatsapp.net","xp":5563,"level":2},{"id":"51910018417@s.whatsapp.net","xp":1513,"level":1},{"id":"5491156043283@s.whatsapp.net","xp":3035,"level":1},{"id":"5493813548785@s.whatsapp.net","xp":4562,"level":1},{"id":"595962252137@s.whatsapp.net","xp":14642,"level":2},{"id":"573146414723@s.whatsapp.net","xp":1013,"level":1},{"id":"16318327569@s.whatsapp.net","xp":1004,"level":1},{"id":"5215611375770@s.whatsapp.net","xp":3040,"level":1},{"id":"5215522603551@s.whatsapp.net","xp":34830,"level":3},{"id":"595983163624@s.whatsapp.net","xp":19684,"level":3},{"id":"5215619172176@s.whatsapp.net","xp":55514,"level":4},{"id":"5215612950839@s.whatsapp.net","xp":16154,"level":3},{"id":"14052253954@s.whatsapp.net","xp":3019,"level":1},{"id":"6289670255986@s.whatsapp.net","xp":9068,"level":2},{"id":"59896645100@s.whatsapp.net","xp":7556,"level":2},{"id":"919605713918@s.whatsapp.net","xp":14635,"level":2},{"id":"51912107539@s.whatsapp.net","xp":8559,"level":2},{"id":"5215565410867@s.whatsapp.net","xp":3022,"level":1},{"id":"12513093790@s.whatsapp.net","xp":1511,"level":1},{"id":"12057188884@s.whatsapp.net","xp":26243,"level":3},{"id":"5212292383845@s.whatsapp.net","xp":37374,"level":4},{"id":"5213311818887@s.whatsapp.net","xp":46896,"level":4},{"id":"573176082006@s.whatsapp.net","xp":1017,"level":1},{"id":"5214891272927@s.whatsapp.net","xp":1012,"level":1},{"id":"51935754220@s.whatsapp.net","xp":1010,"level":1},{"id":"6285761100738@s.whatsapp.net","xp":505,"level":1},{"id":"50433156106@s.whatsapp.net","xp":16664,"level":3},{"id":"5218118448544@s.whatsapp.net","xp":3537,"level":1},{"id":"18298845838@s.whatsapp.net","xp":504,"level":1},{"id":"51917698335@s.whatsapp.net","xp":1510,"level":1},{"id":"19145068750@s.whatsapp.net","xp":2521,"level":1},{"id":"40767333333@s.whatsapp.net","xp":507,"level":1},{"id":"51997833589@s.whatsapp.net","xp":510,"level":1},{"id":"595993361342@s.whatsapp.net","xp":2021,"level":1},{"id":"5219712627792@s.whatsapp.net","xp":14145,"level":2},{"id":"5492227462376@s.whatsapp.net","xp":7551,"level":2},{"id":"5492323643486@s.whatsapp.net","xp":11114,"level":2},{"id":"5493815416548@s.whatsapp.net","xp":7586,"level":2},{"id":"5492323618367@s.whatsapp.net","xp":506,"level":1},{"id":"16696669506@s.whatsapp.net","xp":3538,"level":1},{"id":"12602020333@s.whatsapp.net","xp":29769,"level":3},{"id":"212679898466@s.whatsapp.net","xp":6059,"level":2},{"id":"79055623674@s.whatsapp.net","xp":4037,"level":1},{"id":"5219321015163@s.whatsapp.net","xp":1013,"level":1},{"id":"16194897502@s.whatsapp.net","xp":8574,"level":2},{"id":"5213221687585@s.whatsapp.net","xp":1004,"level":1},{"id":"19846468474@s.whatsapp.net","xp":1008,"level":1},{"id":"51927891250@s.whatsapp.net","xp":7569,"level":2},{"id":"51989841125@s.whatsapp.net","xp":1513,"level":1},{"id":"51933165379@s.whatsapp.net","xp":505,"level":1},{"id":"5493854539197@s.whatsapp.net","xp":13641,"level":2},{"id":"573164543492@s.whatsapp.net","xp":4538,"level":1},{"id":"5214171230878@s.whatsapp.net","xp":510,"level":1},{"id":"51922233333@s.whatsapp.net","xp":2021,"level":1},{"id":"51948589345@s.whatsapp.net","xp":13645,"level":2},{"id":"17787777777@s.whatsapp.net","xp":16145,"level":3},{"id":"14088003760@s.whatsapp.net","xp":10074,"level":2},{"id":"5493794678160@s.whatsapp.net","xp":1519,"level":1},{"id":"593995353737@s.whatsapp.net","xp":4539,"level":1},{"id":"5491157260956@s.whatsapp.net","xp":3018,"level":1},{"id":"18297537277@s.whatsapp.net","xp":12618,"level":2},{"id":"5493854485422@s.whatsapp.net","xp":4023,"level":1},{"id":"5492304301000@s.whatsapp.net","xp":2023,"level":1},{"id":"50234143707@s.whatsapp.net","xp":4535,"level":1},{"id":"5493644614339@s.whatsapp.net","xp":2016,"level":1},{"id":"59899304059@s.whatsapp.net","xp":1014,"level":1},{"id":"5216271146992@s.whatsapp.net","xp":501,"level":1},{"id":"573197560201@s.whatsapp.net","xp":1507,"level":1},{"id":"51922076667@s.whatsapp.net","xp":7571,"level":2},{"id":"584123252170@s.whatsapp.net","xp":2025,"level":1},{"id":"5492622243697@s.whatsapp.net","xp":1015,"level":1},{"id":"573186602251@s.whatsapp.net","xp":509,"level":1},{"id":"5219717115764@s.whatsapp.net","xp":57040,"level":4},{"id":"573045623528@s.whatsapp.net","xp":5531,"level":2},{"id":"573156779418@s.whatsapp.net","xp":19175,"level":3},{"id":"5219711171034@s.whatsapp.net","xp":14139,"level":2},{"id":"573163714516@s.whatsapp.net","xp":9572,"level":2},{"id":"5215517538239@s.whatsapp.net","xp":1005,"level":1},{"id":"573043957030@s.whatsapp.net","xp":510,"level":1},{"id":"994407747291@s.whatsapp.net","xp":1012,"level":1},{"id":"50241209694@s.whatsapp.net","xp":501,"level":1},{"id":"5492224483349@s.whatsapp.net","xp":1519,"level":1},{"id":"5218338448892@s.whatsapp.net","xp":2025,"level":1},{"id":"994404859879@s.whatsapp.net","xp":4527,"level":1},{"id":"595986676742@s.whatsapp.net","xp":17669,"level":3},{"id":"51957322221@s.whatsapp.net","xp":509,"level":1},{"id":"573126822833@s.whatsapp.net","xp":6563,"level":2},{"id":"12366009928@s.whatsapp.net","xp":507,"level":1},{"id":"51918208292@s.whatsapp.net","xp":1007,"level":1},{"id":"51929923302@s.whatsapp.net","xp":2018,"level":1},{"id":"5491138469908@s.whatsapp.net","xp":504,"level":1},{"id":"573228464291@s.whatsapp.net","xp":3035,"level":1},{"id":"584127955245@s.whatsapp.net","xp":3527,"level":1},{"id":"17652667780@s.whatsapp.net","xp":53461,"level":4},{"id":"5219222736095@s.whatsapp.net","xp":5568,"level":2},{"id":"916238091934@s.whatsapp.net","xp":54497,"level":4},{"id":"50379314297@s.whatsapp.net","xp":28771,"level":3},{"id":"56950685683@s.whatsapp.net","xp":5054,"level":2},{"id":"5213112616193@s.whatsapp.net","xp":505,"level":1},{"id":"595993543306@s.whatsapp.net","xp":2022,"level":1},{"id":"51993815212@s.whatsapp.net","xp":506,"level":1},{"id":"5491127927349@s.whatsapp.net","xp":4032,"level":1},{"id":"5216181394657@s.whatsapp.net","xp":506,"level":1},{"id":"5215516961416@s.whatsapp.net","xp":35312,"level":4},{"id":"5521982000000@s.whatsapp.net","xp":1513,"level":1},{"id":"447441415588@s.whatsapp.net","xp":5052,"level":2},{"id":"51914261272@s.whatsapp.net","xp":1521,"level":1},{"id":"5216145555975@s.whatsapp.net","xp":502,"level":1},{"id":"5217445322770@s.whatsapp.net","xp":505,"level":1},{"id":"51940885324@s.whatsapp.net","xp":1519,"level":1},{"id":"12363262283@s.whatsapp.net","xp":15636,"level":3},{"id":"15593433777@s.whatsapp.net","xp":6064,"level":2},{"id":"16288882777@s.whatsapp.net","xp":1014,"level":1},{"id":"32495486538@s.whatsapp.net","xp":1005,"level":1},{"id":"5492617527961@s.whatsapp.net","xp":32320,"level":3},{"id":"5215550514111@s.whatsapp.net","xp":3538,"level":1},{"id":"593969489665@s.whatsapp.net","xp":2010,"level":1},{"id":"18293472838@s.whatsapp.net","xp":2026,"level":1},{"id":"5742821083@s.whatsapp.net","xp":53942,"level":4},{"id":"19018083345@s.whatsapp.net","xp":62537,"level":4},{"id":"5492617052629@s.whatsapp.net","xp":4539,"level":1},{"id":"48459085989@s.whatsapp.net","xp":2014,"level":1},{"id":"19567527778@s.whatsapp.net","xp":3026,"level":1},{"id":"573177777712@s.whatsapp.net","xp":23214,"level":3},{"id":"573508772777@s.whatsapp.net","xp":3034,"level":1},{"id":"358502280@s.whatsapp.net","xp":1509,"level":1},{"id":"5213541012242@s.whatsapp.net","xp":502,"level":1},{"id":"994400736384@s.whatsapp.net","xp":6560,"level":2},{"id":"18097174907@s.whatsapp.net","xp":503,"level":1},{"id":"51901505468@s.whatsapp.net","xp":25259,"level":3},{"id":"51962217035@s.whatsapp.net","xp":504,"level":1},{"id":"33682888828@s.whatsapp.net","xp":2024,"level":1},{"id":"60133677777@s.whatsapp.net","xp":30762,"level":3},{"id":"5215623741080@s.whatsapp.net","xp":3542,"level":1},{"id":"50769696969@s.whatsapp.net","xp":13629,"level":2},{"id":"5493794398519@s.whatsapp.net","xp":3539,"level":1},{"id":"15817040425@s.whatsapp.net","xp":6550,"level":2},{"id":"886966661113@s.whatsapp.net","xp":2007,"level":1},{"id":"5218771498970@s.whatsapp.net","xp":14110,"level":2},{"id":"5742821238@s.whatsapp.net","xp":36303,"level":4},{"id":"14064167270@s.whatsapp.net","xp":24235,"level":3},{"id":"5493412834445@s.whatsapp.net","xp":509,"level":1},{"id":"972523256493@s.whatsapp.net","xp":2533,"level":1},{"id":"14062139460@s.whatsapp.net","xp":2017,"level":1},{"id":"36301475832@s.whatsapp.net","xp":508,"level":1},{"id":"56953226049@s.whatsapp.net","xp":1005,"level":1},{"id":"59847772444@s.whatsapp.net","xp":507,"level":1},{"id":"3547705999@s.whatsapp.net","xp":3016,"level":1},{"id":"43676226660002@s.whatsapp.net","xp":7577,"level":2},{"id":"41789130000@s.whatsapp.net","xp":1523,"level":1},{"id":"5214444068888@s.whatsapp.net","xp":509,"level":1},{"id":"5493512104541@s.whatsapp.net","xp":28229,"level":3},{"id":"5742827638@s.whatsapp.net","xp":20183,"level":3},{"id":"5493704768319@s.whatsapp.net","xp":2020,"level":1},{"id":"573207720865@s.whatsapp.net","xp":5036,"level":2},{"id":"51987573314@s.whatsapp.net","xp":3527,"level":1},{"id":"56931262487@s.whatsapp.net","xp":3534,"level":1},{"id":"50247240453@s.whatsapp.net","xp":28762,"level":3},{"id":"5491164863306@s.whatsapp.net","xp":4552,"level":1},{"id":"59176836321@s.whatsapp.net","xp":20170,"level":3},{"id":"15616299272@s.whatsapp.net","xp":5547,"level":2},{"id":"593963886624@s.whatsapp.net","xp":33287,"level":3},{"id":"59161511291@s.whatsapp.net","xp":14629,"level":2},{"id":"50768666666@s.whatsapp.net","xp":5557,"level":2},{"id":"5219511910657@s.whatsapp.net","xp":2525,"level":1},{"id":"3547878088@s.whatsapp.net","xp":14113,"level":2},{"id":"97697350423@s.whatsapp.net","xp":502,"level":1},{"id":"5519971243823@s.whatsapp.net","xp":503,"level":1},{"id":"60196666189@s.whatsapp.net","xp":509,"level":1},{"id":"85366669056@s.whatsapp.net","xp":3537,"level":1},{"id":"5493756539270@s.whatsapp.net","xp":4533,"level":1},{"id":"573226943999@s.whatsapp.net","xp":5553,"level":2},{"id":"59175934539@s.whatsapp.net","xp":7079,"level":2},{"id":"5491132575459@s.whatsapp.net","xp":85296,"level":5},{"id":"50377598436@s.whatsapp.net","xp":3023,"level":1},{"id":"14302192910@s.whatsapp.net","xp":501,"level":1},{"id":"5117059851@s.whatsapp.net","xp":1518,"level":1},{"id":"5491165400061@s.whatsapp.net","xp":8593,"level":2},{"id":"5493876641784@s.whatsapp.net","xp":1518,"level":1},{"id":"18292752195@s.whatsapp.net","xp":506,"level":1},{"id":"50361601111@s.whatsapp.net","xp":14127,"level":2},{"id":"573025452704@s.whatsapp.net","xp":8082,"level":2},{"id":"5491132424730@s.whatsapp.net","xp":508,"level":1},{"id":"573017456662@s.whatsapp.net","xp":510,"level":1},{"id":"35796444770@s.whatsapp.net","xp":508,"level":1},{"id":"5493834040557@s.whatsapp.net","xp":2013,"level":1},{"id":"56931719689@s.whatsapp.net","xp":2530,"level":1},{"id":"12602974997@s.whatsapp.net","xp":17169,"level":3},{"id":"19706296479@s.whatsapp.net","xp":506,"level":1},{"id":"972557112891@s.whatsapp.net","xp":10595,"level":2},{"id":"584144168168@s.whatsapp.net","xp":1525,"level":1},{"id":"51936366761@s.whatsapp.net","xp":3534,"level":1},{"id":"19717081973@s.whatsapp.net","xp":6044,"level":2},{"id":"447723453810@s.whatsapp.net","xp":4045,"level":1},{"id":"5216721094122@s.whatsapp.net","xp":26244,"level":3},{"id":"5215619088585@s.whatsapp.net","xp":503,"level":1},{"id":"51974688593@s.whatsapp.net","xp":1014,"level":1},{"id":"33630737033@s.whatsapp.net","xp":35799,"level":4},{"id":"17872209960@s.whatsapp.net","xp":2016,"level":1},{"id":"5491136303948@s.whatsapp.net","xp":1508,"level":1},{"id":"573124699123@s.whatsapp.net","xp":3540,"level":1},{"id":"19495469822@s.whatsapp.net","xp":1007,"level":1},{"id":"593961284325@s.whatsapp.net","xp":34813,"level":3},{"id":"34602455725@s.whatsapp.net","xp":7576,"level":2},{"id":"5491128712233@s.whatsapp.net","xp":4029,"level":1},{"id":"64273206667@s.whatsapp.net","xp":7548,"level":2},{"id":"64273222323@s.whatsapp.net","xp":10110,"level":2},{"id":"584121822198@s.whatsapp.net","xp":4556,"level":1},{"id":"5212228371460@s.whatsapp.net","xp":3542,"level":1},{"id":"555186092263@s.whatsapp.net","xp":508,"level":1},{"id":"59891458739@s.whatsapp.net","xp":502,"level":1},{"id":"5216693259248@s.whatsapp.net","xp":1004,"level":1},{"id":"79663056535@s.whatsapp.net","xp":1517,"level":1},{"id":"12085026457@s.whatsapp.net","xp":1513,"level":1},{"id":"5219984646983@s.whatsapp.net","xp":1011,"level":1},{"id":"5216145555670@s.whatsapp.net","xp":504,"level":1},{"id":"48459074649@s.whatsapp.net","xp":2020,"level":1},{"id":"5216699323101@s.whatsapp.net","xp":509,"level":1}]